<core:FragmentDefinition xmlns:core="sap.ui.core" xmlns="sap.m">
	<!-- <Button core:require="{ handler: 'sales/ext/fragment/Columns'}" text="Sample Text" press="handler.onPress" /> -->
	<VBox id="_IDGenVBox"  >
	<Text id="_IDGenText" text="{path : 'shippingMethod'}" visible="{= ${IsActiveEntity} }"></Text>
	<ComboBox 
        id="myComboBox" 
        width="100%"
        selectedKey="{path: 'shippingMethod'}"
		visible="{= !${IsActiveEntity} }"
		>
        <core:Item id="_IDGenItem" key="Road" text="Road" />
        <core:Item id="_IDGenItem2" key="Ship" text="Ship" />
        <core:Item id="_IDGenItem3" key="Air" text="Air" />
    </ComboBox>
	</VBox>
</core:FragmentDefinition>