<core:FragmentDefinition xmlns:core="sap.ui.core" xmlns="sap.m" xmlns:macros="sap.fe.macros" xmlns:suite="sap.suite.ui.commons">
	<!-- <VBox core:require="{ handler: 'sales/ext/fragment/Commets1'}">
		<Button text="Commets1" press="handler.onPress" />
	</VBox> -->

	<VBox id="_IDGenVBox1"  core:require="{ handler: 'sales/ext/fragment/Commets1'}" width="100%">
        <Toolbar id="_IDGenToolbar2" >
            <Title id="_IDGenTitle2"  text="Enter Comments"/>
            <ToolbarSpacer id="_IDGenToolbarSpacer" />
            <Button id="_IDGenButton2" text="Browse History" press="handler.onBrowseHistoryPress"/>
        </Toolbar>
        
       <TextArea id="_IDGenTextArea1" 
            
            showExceededText="true" 
            maxLength="1000" 
            width="100%" 
            height="120px" 
            value="{path: 'commentsText', type: 'sap.ui.model.type.String'}"/>

        <Dialog id="_IDGenDialog" 
            
            title="Comment History" 
            stretch="false" 
            contentWidth="50%" 
            afterClose="onCloseHistoryDialog"
            afterOpen="onDialogOpen">

            <customHeader>
                <Toolbar id="_IDGenToolbar3" >
                    <Title id="_IDGenTitle3"  text="Comment History"/>
                    <ToolbarSpacer id="_IDGenToolbarSpacer3" />
                    <Button id="_IDGenButton3"  text="Close" press="handler.onCloseHistoryDialog"/>
                </Toolbar>
            </customHeader>

            <VBox id="_IDGenVBox5"  width="100%" height="400px">
                <ScrollContainer id="_IDGenScrollContainer1"  height="100%" vertical="true" horizontal="false">
                    <suite:Timeline id="_IDGenTimeline" 
                        
                        enableDoubleSided="true" 
                        groupByType="None"      
                        sortOldestFirst="true" 
                        content="{myModel>/Files}" 
                        showSearch="false"   
                        showSort="false"         
                        showHeaderBar="false">

                        
                        <suite:TimelineItem id="_IDGenTimelineItem"  
                            dateTime="{myModel>createdAt}" 
                            title="{myModel>createdBy}" 
                            text="{myModel>commentsText}" 
                        />
                    </suite:Timeline>
                </ScrollContainer>
            </VBox>
        </Dialog>
    </VBox>
</core:FragmentDefinition>