<core:FragmentDefinition xmlns:core="sap.ui.core" 
    xmlns="sap.m" 
    xmlns:upload="sap.m.upload" 
    xmlns:macros="sap.fe.macros">
	
    <VBox id="_IDGenVBox3" core:require="{ handler: 'sales/ext/fragment/Document1' }">
        <upload:UploadSet
            id="uploadSet"
            instantUpload="false"
            uploadEnabled="true"
            uploadButtonInvisible="true"
            afterItemAdded="handler.onAfterItemAdded"
            afterItemRemoved="handler.onAfterRemoved"
            items="{ path: 'purchaseToFiles', 
                     parameters: { $orderby: 'createdAt desc' }, 
                     templateShareable: false }"
            mode="MultiSelect">
            
            <upload:toolbar>
                <OverflowToolbar id="overflowToolbar">
                    <ToolbarSpacer id="_IDGenToolbarSpacer4"  />
                    <upload:UploadSetToolbarPlaceholder id="_IDGenUploadSetToolbarPlaceholder1" />
                </OverflowToolbar>
            </upload:toolbar>

            <upload:items>
                <upload:UploadSetItem id="_IDGenUploadSetItem" 
                    fileName="{fileName}"
                    mediaType="{mediaType}"
                    url="{url}"
                    enabledEdit="false"
                    visibleEdit="false"
                    visibleRemove="false"
                    openPressed="handler.onOpenPressed">

                    <upload:attributes>
                        <ObjectAttribute id="_IDGenObjectAttribute"
                            title="Uploaded By"
                            text="{createdBy}"
                            active="false"/>
                        <ObjectAttribute id="_IDGenObjectAttribute1"
                            title="Uploaded on"
                            text="{createdAt}"
                            active="false"/>
                        <ObjectAttribute id="_IDGenObjectAttribute2"
                            title="File Size"
                            text="{size}"
                            active="false"/>
                    </upload:attributes>
                </upload:UploadSetItem>
            </upload:items>
        </upload:UploadSet>
    </VBox>
</core:FragmentDefinition>


