{
  "ext/fragment/Discheck-dbg.js": 1737520077854,
  "ext/controller/PurchaseEnquiryObjPage.controller.js": 1737279879453,
  "ext/fragment/TransactionDetails.js": 1734531268920,
  "ext/fragment/ShippingPoint.js": 1736229772021,
  "ext/fragment/QuotationDetails.js": 1734246827595,
  "ext/fragment/Plant.js": 1737019226495,
  "ext/fragment/PaymentDetails.js": 1733809200255,
  "ext/fragment/Payment.js": 1733809200255,
  "ext/fragment/Pay.js": 1733809200255,
  "ext/fragment/PartnerRole.js": 1736870226555,
  "ext/fragment/PartnerName.js": 1736234490501,
  "ext/fragment/EnquiryDetails.js": 1736963058464,
  "ext/fragment/Documents.js": 1736504637163,
  "ext/fragment/Document1.js": 1734679328277,
  "ext/fragment/Discount.js": 1735837129807,
  "ext/fragment/Discheck.js": 1737520077854,
  "ext/fragment/DateColumn.js": 1736484669312,
  "ext/fragment/CustomerInformation.js": 1734179328190,
  "ext/fragment/CustomerInformation-po.js": 1734531243808,
  "ext/fragment/Commets1.js": 1736505102057,
  "ext/fragment/Comments.js": 1733809200255,
  "ext/fragment/Columns.js": 1733809200255,
  "ext/controller/SyncDeliveryDetails.js": 1734503939520,
  "ext/controller/Sync.js": 1737104496904,
  "ext/controller/SendQuotation.js": 1737433839354,
  "ext/controller/RealseSO.js": 1737372833754,
  "ext/fragment/ViewInvoice.js": 1733809200255,
  "ext/controller/PaymentDetails.js": 1733809200255,
  "ext/controller/Obj_page_sales.controller.js": 1733809200255,
  "ext/controller/Obj_PurchaseOrder_Page.controller.js": 1736936332507,
  "ext/controller/List_page_sales.controller.js": 1735838388131,
  "manifest.json": 1737611509314,
  "Component.js": 1733809200255,
  "ext/controller/PurchaseEnquiryObjPage-dbg.controller.js": 1737279879453,
  "ext/controller/PurchaseEnquiryObjPage.controller.js.map": 1737611509529,
  "ext/fragment/TransactionDetails-dbg.js": 1734531268920,
  "ext/fragment/TransactionDetails.js.map": 1737611509477,
  "ext/fragment/ShippingPoint-dbg.js": 1736229772021,
  "ext/fragment/ShippingPoint.js.map": 1737611509482,
  "ext/fragment/QuotationDetails-dbg.js": 1734246827595,
  "ext/fragment/QuotationDetails.js.map": 1737611509477,
  "ext/fragment/Plant-dbg.js": 1737019226495,
  "ext/fragment/Plant.js.map": 1737611509486,
  "ext/fragment/PaymentDetails-dbg.js": 1733809200255,
  "ext/fragment/PaymentDetails.js.map": 1737611509479,
  "ext/fragment/Payment-dbg.js": 1733809200255,
  "ext/fragment/Payment.js.map": 1737611509481,
  "ext/fragment/Pay-dbg.js": 1733809200255,
  "ext/fragment/Pay.js.map": 1737611509482,
  "ext/fragment/PartnerRole-dbg.js": 1736870226555,
  "ext/fragment/PartnerRole.js.map": 1737611509486,
  "ext/fragment/PartnerName-dbg.js": 1736234490501,
  "ext/fragment/PartnerName.js.map": 1737611509483,
  "ext/fragment/EnquiryDetails-dbg.js": 1736963058464,
  "ext/fragment/EnquiryDetails.js.map": 1737611509528,
  "ext/fragment/Documents-dbg.js": 1736504637163,
  "ext/fragment/Documents.js.map": 1737611509488,
  "ext/fragment/Document1-dbg.js": 1734679328277,
  "ext/fragment/Document1.js.map": 1737611509489,
  "ext/fragment/Discount-dbg.js": 1735837129807,
  "ext/fragment/Discount.js.map": 1737611509530,
  "i18n/i18n.properties": 1733809200255,
  "ext/fragment/Discheck.js.map": 1737611509527,
  "ext/fragment/DateColumn-dbg.js": 1736484669312,
  "ext/fragment/DateColumn.js.map": 1737611509529,
  "ext/fragment/CustomerInformation-dbg.js": 1734179328190,
  "ext/fragment/CustomerInformation.js.map": 1737611509530,
  "ext/fragment/CustomerInformation-po-dbg.js": 1734531243808,
  "ext/fragment/CustomerInformation-po.js.map": 1737611509530,
  "ext/fragment/Commets1-dbg.js": 1736505102057,
  "ext/fragment/Commets1.js.map": 1737611509532,
  "ext/fragment/Comments-dbg.js": 1733809200255,
  "ext/fragment/Comments.js.map": 1737611509534,
  "ext/fragment/Columns-dbg.js": 1733809200255,
  "ext/fragment/Columns.js.map": 1737611509532,
  "ext/controller/SyncDeliveryDetails-dbg.js": 1734503939520,
  "ext/controller/SyncDeliveryDetails.js.map": 1737611509534,
  "ext/controller/Sync-dbg.js": 1737104496904,
  "ext/controller/Sync.js.map": 1737611509534,
  "ext/controller/SendQuotation-dbg.js": 1737433839354,
  "ext/controller/SendQuotation.js.map": 1737611509544,
  "ext/controller/RealseSO-dbg.js": 1737372833754,
  "ext/controller/RealseSO.js.map": 1737611509543,
  "ext/fragment/ViewInvoice-dbg.js": 1733809200255,
  "ext/fragment/ViewInvoice.js.map": 1737611509536,
  "ext/controller/PaymentDetails-dbg.js": 1733809200255,
  "ext/controller/PaymentDetails.js.map": 1737611509538,
  "ext/controller/Obj_page_sales-dbg.controller.js": 1733809200255,
  "ext/controller/Obj_page_sales.controller.js.map": 1737611509538,
  "ext/controller/Obj_PurchaseOrder_Page-dbg.controller.js": 1736936332507,
  "ext/controller/Obj_PurchaseOrder_Page.controller.js.map": 1737611509557,
  "ext/controller/List_page_sales-dbg.controller.js": 1735838388131,
  "ext/controller/List_page_sales.controller.js.map": 1737611509544,
  "Component-dbg.js": 1733809200255,
  "Component.js.map": 1737611509544,
  "Component-preload.js": 1737611509814,
  "Component-preload.js.map": 1737611509814,
  "ext/fragment/ViewInvoice.fragment.xml": 1734586309312,
  "ext/fragment/TransactionDetails.fragment.xml": 1734531193796,
  "ext/fragment/TotalPrice.fragment.xml": 1733913385694,
  "ext/fragment/ShippingPoint.fragment.xml": 1737021704865,
  "ext/fragment/QuotationDetails.fragment.xml": 1735222066736,
  "ext/fragment/Quantity.fragment.xml": 1733913346834,
  "ext/fragment/PriceDetails.fragment.xml": 1733914387729,
  "ext/fragment/PreferredDeliveryLocation.fragment.xml": 1734246670858,
  "ext/fragment/PreferredDeliveryDate.fragment.xml": 1734246687526,
  "ext/fragment/Plant.fragment.xml": 1735018749475,
  "ext/fragment/PaymentDetails.fragment.xml": 1733809200255,
  "ext/fragment/Payment.fragment.xml": 1733809200255,
  "ext/fragment/Pay.fragment.xml": 1733809200255,
  "ext/fragment/PartnerRole.fragment.xml": 1736870304827,
  "ext/fragment/PartnerNumber.fragment.xml": 1733913302422,
  "ext/fragment/PartnerName.fragment.xml": 1736234547081,
  "ext/fragment/MaterialCode.fragment.xml": 1733913251574,
  "ext/fragment/EnquiryDetails.fragment.xml": 1737345193511,
  "ext/fragment/Documents.fragment.xml": 1734679059643,
  "ext/fragment/Document1.fragment.xml": 1734686001169,
  "ext/fragment/DiscountedPrice.fragment.xml": 1733913142282,
  "ext/fragment/Discount.fragment.xml": 1734168892667,
  "ext/fragment/Discheck.fragment.xml": 1737370867603,
  "ext/fragment/DeliveryLeadTime.fragment.xml": 1734504641286,
  "ext/fragment/DateColumn.fragment.xml": 1736326361127,
  "ext/fragment/CustomerInformation.fragment.xml": 1736231032731,
  "ext/fragment/CustomerInformation-po.fragment.xml": 1736231148644,
  "ext/fragment/Commets1.fragment.xml": 1736335295054,
  "ext/fragment/Comments.fragment.xml": 1733809200255,
  "ext/fragment/Columns.fragment.xml": 1737005229592,
  "css/style.css": 1734584572281,
  "index.html": 1733809200255
}