{
  "ext/fragment/Columns.js": 1731904291306,
  "ext/controller/RealseSO.js": 1731910016194,
  "ext/fragment/PaymentDetails.js": 1731383695644,
  "ext/fragment/Payment.js": 1731905068196,
  "ext/fragment/Pay.js": 1730136598571,
  "ext/fragment/Documents.js": 1732603852428,
  "ext/fragment/Document1.js": 1732210087854,
  "ext/fragment/Discheck.js": 1733310994105,
  "ext/fragment/DateColumn.js": 1731910753081,
  "ext/fragment/Commets1.js": 1732767146351,
  "ext/fragment/Comments.js": 1733129391286,
  "i18n/i18n.properties": 1730267568551,
  "ext/controller/Sync.js": 1733210750519,
  "ext/controller/SendQuotation.js": 1732868361534,
  "ext/fragment/ViewInvoice.js": 1731904997256,
  "ext/controller/PurchaseEnquiryObjPage.controller.js": 1733721575776,
  "ext/controller/PaymentDetails.js": 1732444159230,
  "ext/controller/Obj_page_sales.controller.js": 1731650606433,
  "ext/controller/Obj_PurchaseOrder_Page.controller.js": 1732599938109,
  "ext/controller/List_page_sales.controller.js": 1733065434754,
  "manifest.json": 1733726565103,
  "Component.js": 1729763909743,
  "ext/fragment/Documents-dbg.js": 1732603852428,
  "ext/fragment/Documents.js.map": 1733726565269,
  "ext/fragment/PaymentDetails-dbg.js": 1731383695644,
  "ext/fragment/PaymentDetails.js.map": 1733726565242,
  "ext/fragment/Payment-dbg.js": 1731905068196,
  "ext/fragment/Payment.js.map": 1733726565242,
  "ext/fragment/Pay-dbg.js": 1730136598571,
  "ext/fragment/Pay.js.map": 1733726565242,
  "ext/controller/RealseSO-dbg.js": 1731910016194,
  "ext/controller/RealseSO.js.map": 1733726565270,
  "ext/fragment/Document1-dbg.js": 1732210087854,
  "ext/fragment/Document1.js.map": 1733726565276,
  "ext/fragment/Discheck-dbg.js": 1733310994105,
  "ext/fragment/Discheck.js.map": 1733726565264,
  "ext/fragment/DateColumn-dbg.js": 1731910753081,
  "ext/fragment/DateColumn.js.map": 1733726565270,
  "ext/fragment/Commets1-dbg.js": 1732767146351,
  "ext/fragment/Commets1.js.map": 1733726565279,
  "ext/fragment/Comments-dbg.js": 1733129391286,
  "ext/fragment/Comments.js.map": 1733726565274,
  "ext/fragment/Columns-dbg.js": 1731904291306,
  "ext/fragment/Columns.js.map": 1733726565271,
  "ext/controller/Sync-dbg.js": 1733210750519,
  "ext/controller/Sync.js.map": 1733726565276,
  "ext/controller/SendQuotation-dbg.js": 1732868361534,
  "ext/controller/SendQuotation.js.map": 1733726565288,
  "ext/fragment/ViewInvoice-dbg.js": 1731904997256,
  "ext/fragment/ViewInvoice.js.map": 1733726565277,
  "ext/controller/PurchaseEnquiryObjPage-dbg.controller.js": 1733721575776,
  "ext/controller/PurchaseEnquiryObjPage.controller.js.map": 1733726565324,
  "ext/controller/PaymentDetails-dbg.js": 1732444159230,
  "ext/controller/PaymentDetails.js.map": 1733726565284,
  "ext/controller/Obj_page_sales-dbg.controller.js": 1731650606433,
  "ext/controller/Obj_page_sales.controller.js.map": 1733726565282,
  "ext/controller/Obj_PurchaseOrder_Page-dbg.controller.js": 1732599938109,
  "ext/controller/Obj_PurchaseOrder_Page.controller.js.map": 1733726565292,
  "ext/controller/List_page_sales-dbg.controller.js": 1733065434754,
  "ext/controller/List_page_sales.controller.js.map": 1733726565292,
  "Component-dbg.js": 1729763909743,
  "Component.js.map": 1733726565292,
  "Component-preload.js": 1733726565515,
  "Component-preload.js.map": 1733726565515,
  "ext/fragment/ViewInvoice.fragment.xml": 1731911259225,
  "ext/fragment/PaymentDetails.fragment.xml": 1731914504721,
  "ext/fragment/Payment.fragment.xml": 1731905068196,
  "ext/fragment/Pay.fragment.xml": 1730136598571,
  "ext/fragment/Documents.fragment.xml": 1732700716244,
  "ext/fragment/Document1.fragment.xml": 1732700707856,
  "ext/fragment/Discheck.fragment.xml": 1733397882227,
  "ext/fragment/DateColumn.fragment.xml": 1731910630955,
  "ext/fragment/Commets1.fragment.xml": 1732703290464,
  "ext/fragment/Comments.fragment.xml": 1733377841504,
  "ext/fragment/Columns.fragment.xml": 1731910524994,
  "css/style.css": 1733129182426,
  "index.html": 1729763909743
}